名前,年齢
樹 田中,69
海翔 林,neural
陽菜 松本,32
美咲 斎藤,20
結愛 佐藤,68
莉子 中村,19
蓮 佐藤,33
陸斗 伊藤,64
結菜 渡辺,65
大和 吉田,55
美羽 木村,42
樹 松本,静岡県
颯太 佐々木,東京都
美羽 小林,cross-platform
愛菜 松本,60
海翔 渡辺,36
翼 山田,56
結菜 山本,30
蓮 中村,Principal
蒼空 木村,Programmable
結衣 山田,Small
大和 中村,model
美羽 伊藤,AGP
陽菜 中村,14
莉子 伊藤,database
翼 高橋,46
愛菜 小林,leading-edge
心愛 清水,67
美咲 高橋,19
陽翔 斎藤,CSS
樹 山口,24
美咲 松本,36
大和 山田,29
颯太 山田,25
杏 山田,62
陸斗 鈴木,39
結衣 鈴木,67
陽翔 伊藤,64
美咲 加藤,33
結愛 佐藤,46
杏 山本,61
大和 小林,29
結衣 鈴木,61
美咲 小林,49
陽菜 小林,36
蓮 渡辺,22
大翔 清水,Metal
莉子 伊藤,Communications
陽菜 中村,17
陽翔 清水,69
蒼空 斎藤,38
太一 山口,50
陽菜 斎藤,48
大翔 田中,69
美咲 高橋,73
大和 佐藤,Small Granite Towels
颯太 中村,62
陽菜 山本,60
大和 佐藤,35
大和 清水,52
愛菜 田中,70
美羽 山田,62
蓮 小林,33
結愛 渡辺,50
海翔 山口,37
杏 山田,25
結菜 田中,40
美羽 清水,40
結菜 山田,36
翼 高橋,40
心愛 中村,29
蓮 渡辺,15
大翔 佐藤,48
大和 伊藤,57
杏 鈴木,metrics
心愛 斎藤,Architect
大翔 加藤,Cambridgeshire
結衣 伊藤,42
愛菜 中村,16
結愛 林,payment
太一 吉田,20
太一 清水,port
美羽 中村,52
陸斗 佐々木,62
海翔 山田,53
海翔 吉田,38
海翔 佐々木,41
美咲 山口,Specialist
翼 渡辺,54
大翔 斎藤,56
心愛 佐藤,70
莉子 佐々木,47
美羽 佐藤,21
樹 中村,override
大和 山口,51
美咲 林,48
樹 山口,66
杏 鈴木,68
結菜 田中,55
莉子 松本,36